ÿÿÿÿÿÿÿÿÿÿÿÿÿÿÿÿÿÿÿÿÿÿÿÿÿÿÿÿÿÿÿÿÿÿÿÿÿÿÿÿÿÿÿÿÿÿÿÿsony, 4230.462400, 5.040806,
,,star, 12688.556111, 5.039631,
,,terminate, 1951.451280, 5.040806,
,,tokyo, 15836.608047, 5.040806,
,,U_avg, 4.032410
,,SUM_BW, 34707.077838
,,TIME, 0.041298

, Accurate Algorithm,lam, 0.000000, 0.000000,
,,sony, 4230.462400, 5.040806,
,,star, 12688.556111, 5.039631,
,,terminate, 1951.451280, 5.040806,
,,tokyo, 15836.608047, 5.040806,
,,U_avg, 4.032410
,,SUM_BW, 34707.077838
,,TIME, 0.039520

